<?xml version='1.0' encoding='UTF-8'?>
<faces-config version="2.2"
              xmlns="http://xmlns.jcp.org/xml/ns/javaee"
              xmlns:xsi="http://www.w3.org/2001/XMLSchema-instance"
              xsi:schemaLocation="http://xmlns.jcp.org/xml/ns/javaee http://xmlns.jcp.org/xml/ns/javaee/web-facesconfig_2_2.xsd">

    <locale-config><default-locale>en</default-locale></locale-config>
    <message-bundle>/resources/messages</message-bundle>
             
            <navigation-rule>
                <from-view-id>/Acceso.xhtml</from-view-id>
                    <navigation-case>
			<from-outcome>si</from-outcome>
			<to-view-id>/Menu.xhtml</to-view-id>
                    </navigation-case>
            </navigation-rule>
            
            <navigation-rule>
                <from-view-id>/Acceso.xhtml</from-view-id>
                    <navigation-case>
			<from-outcome>no</from-outcome>
                        <to-view-id>/Acceso.xhtml</to-view-id>
                    </navigation-case>
            </navigation-rule>
            
            <navigation-rule>
                <from-view-id>/CambioClave.xhtml</from-view-id>
                    <navigation-case>
			<from-outcome>si</from-outcome>
                        <to-view-id>/Respuesta.xhtml</to-view-id>
                    </navigation-case>
            </navigation-rule>
            
            <navigation-rule>
                <from-view-id>/CambioClave.xhtml</from-view-id>
                    <navigation-case>
			<from-outcome>no</from-outcome>
			<to-view-id>/Error.xhtml</to-view-id>
                    </navigation-case>
            </navigation-rule>
          
            <navigation-rule>
               <from-view-id>/Menu.xhtml</from-view-id>
                    <navigation-case>
			<from-outcome>OPERARIOS</from-outcome>
			<to-view-id>/ListadoOperarios.xhtml</to-view-id>
                    </navigation-case>
            </navigation-rule>            
         
            <navigation-rule>
                <from-view-id>/Menu.xhtml</from-view-id>
                    <navigation-case>
			<from-outcome>EQUIPOS</from-outcome>
			<to-view-id>/ListadoEquipos.xhtml</to-view-id>
                    </navigation-case>
            </navigation-rule>                        

            <navigation-rule>
                <from-view-id>/Menu.xhtml</from-view-id>
                    <navigation-case>
			<from-outcome>LINEAS</from-outcome>
			<to-view-id>/ListadoLineas.xhtml</to-view-id>
                    </navigation-case>
            </navigation-rule>
          
            <navigation-rule>
                <from-view-id>/Menu.xhtml</from-view-id>
                    <navigation-case>
                        <from-outcome>MARCAS</from-outcome>
			<to-view-id>/ListadoMarcas.xhtml</to-view-id>
                    </navigation-case>
            </navigation-rule>         
                 
            <navigation-rule>
                <from-view-id>/Menu.xhtml</from-view-id>
                    <navigation-case>
			<from-outcome>MANTENIMIENTO</from-outcome>
			<to-view-id>/ListadoMantenimientos.xhtml</to-view-id>
                    </navigation-case>
            </navigation-rule>                                            
                  
            <navigation-rule>
                <from-view-id>/ListadoOperarios.xhtml</from-view-id>
                    <navigation-case>
			<from-outcome>OPERARIOS</from-outcome>
			<to-view-id>/Operarios.xhtml</to-view-id>
                    </navigation-case>
            </navigation-rule>
            
            <navigation-rule>
                <from-view-id>/ListadoEquipos.xhtml</from-view-id>
                    <navigation-case>
			<from-outcome>EQUIPOS</from-outcome>
			<to-view-id>/Equipos.xhtml</to-view-id>
                    </navigation-case>
            </navigation-rule>
             
            <navigation-rule>
                <from-view-id>/ListadoMarcas.xhtml</from-view-id>
                    <navigation-case>
			<from-outcome>MARCAS</from-outcome>
			<to-view-id>/ListaValores.xhtml</to-view-id>
		</navigation-case>
            </navigation-rule>
            
            <navigation-rule>
                <from-view-id>/ListadoLineas.xhtml</from-view-id>
                    <navigation-case>
			<from-outcome>LINEAS</from-outcome>
			<to-view-id>/ListaValores.xhtml</to-view-id>
                    </navigation-case>
            </navigation-rule>
            
            <navigation-rule>
                <from-view-id>/ListadoMantenimientos.xhtml</from-view-id>
                    <navigation-case>
			<from-outcome>MANTENIMIENTO</from-outcome>
			<to-view-id>/Mantenimiento.xhtml</to-view-id>
		</navigation-case>
            </navigation-rule>
                   
            <navigation-rule>
                <from-view-id>/ListaValores.xhtml</from-view-id>
                    <navigation-case>
			<from-outcome>NOMARCAS</from-outcome>
			<to-view-id>/Error.xhtml</to-view-id>
                    </navigation-case>
            </navigation-rule>
         
            <navigation-rule>
                <from-view-id>/ListaValores.xhtml</from-view-id>
                    <navigation-case>
			<from-outcome>NOLINEAS</from-outcome>
			<to-view-id>/Error.xhtml</to-view-id>
                    </navigation-case>
            </navigation-rule>
          
            <navigation-rule>
                <from-view-id>/Mantenimiento.xhtml</from-view-id>
                    <navigation-case>
			<from-outcome>NOPROGRAMACION</from-outcome>
			<to-view-id>/Error.xhtml</to-view-id>
		</navigation-case>
            </navigation-rule>                  
          
            <navigation-rule>
                <from-view-id>/Mantenimiento.xhtml</from-view-id>
                    <navigation-case>
			<from-outcome>NOPERARIOS</from-outcome>
			<to-view-id>/Error.xhtml</to-view-id>
                    </navigation-case>
            </navigation-rule>          
            
            <navigation-rule>
                <from-view-id>/Menu.xhtml</from-view-id>
                    <navigation-case>
			<from-outcome>PERFIL</from-outcome>
			<to-view-id>/Operarios.xhtml</to-view-id>
                    </navigation-case>
            </navigation-rule>
                  
            <navigation-rule>
                <from-view-id>/Operarios.xhtml</from-view-id>
                    <navigation-case>
			<from-outcome>si</from-outcome>
			<to-view-id>/Respuesta.xhtml</to-view-id>
                    </navigation-case>
            </navigation-rule>
                                                          
            <navigation-rule>                
                <from-view-id>/Operarios.xhtml</from-view-id>
                    <navigation-case>
			<from-outcome>no</from-outcome>
			<to-view-id>/Error.xhtml</to-view-id>
                    </navigation-case>
            </navigation-rule>
            
            <navigation-rule>
                <from-view-id>/Equipos.xhtml</from-view-id>
                    <navigation-case>
			<from-outcome>si</from-outcome>
			<to-view-id>/Respuesta.xhtml</to-view-id>
                    </navigation-case>
            </navigation-rule>

            <navigation-rule>
                <from-view-id>/Equipos.xhtml</from-view-id>
                    <navigation-case>
			<from-outcome>no</from-outcome>
			<to-view-id>/Error.xhtml</to-view-id>
                    </navigation-case>
            </navigation-rule>
            
            <navigation-rule>
                <from-view-id>/ListaValores.xhtml</from-view-id>
                    <navigation-case>
			<from-outcome>si</from-outcome>
			<to-view-id>/Respuesta.xhtml</to-view-id>
                    </navigation-case>
            </navigation-rule>

            <navigation-rule>
                <from-view-id>/ListaValores.xhtml</from-view-id>
                    <navigation-case>
			<from-outcome>no</from-outcome>
			<to-view-id>/Error.xhtml</to-view-id>
                    </navigation-case>
            </navigation-rule>

            <navigation-rule>
                <from-view-id>/Mantenimiento.xhtml</from-view-id>
                    <navigation-case>
			<from-outcome>si</from-outcome>
			<to-view-id>/Respuesta.xhtml</to-view-id>
                    </navigation-case>
            </navigation-rule>

            <navigation-rule>
                <from-view-id>/Mantenimiento.xhtml</from-view-id>
                    <navigation-case>
			<from-outcome>no</from-outcome>
			<to-view-id>/Error.xhtml</to-view-id>
                    </navigation-case>
            </navigation-rule>
 
            <navigation-rule>
                <from-view-id>/ListadoOperarios.xhtml</from-view-id>
                    <navigation-case>
			<from-outcome>si</from-outcome>
			<to-view-id>/Respuesta.xhtml</to-view-id>
                    </navigation-case>
            </navigation-rule>

            <navigation-rule>
                <from-view-id>/ListadoOperarios.xhtml</from-view-id>
                    <navigation-case>
			<from-outcome>no</from-outcome>
			<to-view-id>/Error.xhtml</to-view-id>
                    </navigation-case>
            </navigation-rule>

	    <navigation-rule>
                <from-view-id>/ListadoOperarios.xhtml</from-view-id>
                    <navigation-case>
			<from-outcome>NOSELECCION</from-outcome>
			<to-view-id>/Error.xhtml</to-view-id>
                    </navigation-case>
            </navigation-rule>
            
            <navigation-rule>
                <from-view-id>/ListadoOperarios.xhtml</from-view-id>
                    <navigation-case>
                        <from-outcome>Filtro</from-outcome>
                        <to-view-id>/ListadoOperarios.xhtml</to-view-id>
                    </navigation-case>
            </navigation-rule>
            
            <navigation-rule>
                <from-view-id>/ListadoEquipos.xhtml</from-view-id>
                    <navigation-case>
			<from-outcome>si</from-outcome>
			<to-view-id>/Respuesta.xhtml</to-view-id>
                    </navigation-case>
            </navigation-rule>

            <navigation-rule>
                <from-view-id>/ListadoEquipos.xhtml</from-view-id>
                    <navigation-case>
			<from-outcome>no</from-outcome>
			<to-view-id>/Error.xhtml</to-view-id>
                    </navigation-case>
            </navigation-rule>

	    <navigation-rule>
                <from-view-id>/ListadoEquipos.xhtml</from-view-id>
                    <navigation-case>
			<from-outcome>NOSELECCION</from-outcome>
			<to-view-id>/Error.xhtml</to-view-id>
                    </navigation-case>
            </navigation-rule>            
            
            <navigation-rule>
                <from-view-id>/ListadoEquipos.xhtml</from-view-id>
                    <navigation-case>
                        <from-outcome>Filtro</from-outcome>
                        <to-view-id>/ListadoEquipos.xhtml</to-view-id>
                    </navigation-case>
            </navigation-rule>
            
            <navigation-rule>
                <from-view-id>/ListadoMarcas.xhtml</from-view-id>
                    <navigation-case>
			<from-outcome>si</from-outcome>
			<to-view-id>/Respuesta.xhtml</to-view-id>
                    </navigation-case>
            </navigation-rule>

            <navigation-rule>
                <from-view-id>/ListadoMarcas.xhtml</from-view-id>
                    <navigation-case>
			<from-outcome>no</from-outcome>
			<to-view-id>/Error.xhtml</to-view-id>
                    </navigation-case>
            </navigation-rule>

	    <navigation-rule>
                <from-view-id>/ListadoMarcas.xhtml</from-view-id>
                    <navigation-case>
			<from-outcome>NOSELECCION</from-outcome>
			<to-view-id>/Error.xhtml</to-view-id>
                    </navigation-case>
            </navigation-rule>
            
            <navigation-rule>
                <from-view-id>/ListadoMarcas.xhtml</from-view-id>
                    <navigation-case>
                        <from-outcome>Filtro</from-outcome>
                        <to-view-id>/ListadoMarcas.xhtml</to-view-id>
                    </navigation-case>
            </navigation-rule>

            <navigation-rule>
                <from-view-id>/ListadoLineas.xhtml</from-view-id>
                    <navigation-case>
			<from-outcome>si</from-outcome>
			<to-view-id>/Respuesta.xhtml</to-view-id>
                    </navigation-case>
            </navigation-rule>

            <navigation-rule>
                <from-view-id>/ListadoLineas.xhtml</from-view-id>
                    <navigation-case>
			<from-outcome>no</from-outcome>
			<to-view-id>/Error.xhtml</to-view-id>
                    </navigation-case>
            </navigation-rule>

	    <navigation-rule>
                <from-view-id>/ListadoLineas.xhtml</from-view-id>
                    <navigation-case>
			<from-outcome>NOSELECCION</from-outcome>
			<to-view-id>/Error.xhtml</to-view-id>
                    </navigation-case>
            </navigation-rule>
                        
	    <navigation-rule>
                <from-view-id>/ListadoLineas.xhtml</from-view-id>
                    <navigation-case>
                        <from-outcome>Filtro</from-outcome>
                        <to-view-id>/ListadoLineas.xhtml</to-view-id>
                    </navigation-case>
            </navigation-rule>

            <navigation-rule>
                <from-view-id>/ListadoMantenimientos.xhtml</from-view-id>
                    <navigation-case>
			<from-outcome>si</from-outcome>
			<to-view-id>/Respuesta.xhtml</to-view-id>
                    </navigation-case>
            </navigation-rule>

            <navigation-rule>
                <from-view-id>/ListadoMantenimientos.xhtml</from-view-id>
                    <navigation-case>
			<from-outcome>no</from-outcome>
			<to-view-id>/Error.xhtml</to-view-id>
                    </navigation-case>
            </navigation-rule>

	    <navigation-rule>
                <from-view-id>/ListadoMantenimientos.xhtml</from-view-id>
                    <navigation-case>
                        <from-outcome>NOSELECCION</from-outcome>
                        <to-view-id>/Error.xhtml</to-view-id>
                    </navigation-case>
            </navigation-rule>
            
	    <navigation-rule>
                <from-view-id>/ListadoMantenimientos.xhtml</from-view-id>
                    <navigation-case>
                        <from-outcome>Filtro</from-outcome>
                        <to-view-id>/ListadoMantenimientos.xhtml</to-view-id>
                    </navigation-case>
            </navigation-rule>
            
            <managed-bean>			
                    <managed-bean-name>Error</managed-bean-name>
                    <managed-bean-class>bll.Error</managed-bean-class>
                    <managed-bean-scope>request</managed-bean-scope>			
            </managed-bean>

            <managed-bean>
                    <managed-bean-name>Funciones</managed-bean-name>
                    <managed-bean-class>bll.Funciones</managed-bean-class>
                    <managed-bean-scope>request</managed-bean-scope>			
            </managed-bean>
            
            <managed-bean>
                    <managed-bean-name>Mensajes</managed-bean-name>
                    <managed-bean-class>bll.Mensajes</managed-bean-class>
                    <managed-bean-scope>request</managed-bean-scope>			
            </managed-bean>
            
            <managed-bean>
                    <managed-bean-name>CargarListado</managed-bean-name>
                    <managed-bean-class>bo.CargarListado</managed-bean-class>
                    <managed-bean-scope>request</managed-bean-scope>			
            </managed-bean>
           
            <managed-bean>
                    <managed-bean-name>Equipo</managed-bean-name>
                    <managed-bean-class>bo.Equipo</managed-bean-class>
                    <managed-bean-scope>request</managed-bean-scope>			
            </managed-bean>
            
            <managed-bean>
                    <managed-bean-name>ListaValores</managed-bean-name>
                    <managed-bean-class>bo.ListaValores</managed-bean-class>
                    <managed-bean-scope>request</managed-bean-scope>			
            </managed-bean>
            
            <managed-bean>
                    <managed-bean-name>Mantenimiento</managed-bean-name>
                    <managed-bean-class>bo.Mantenimiento</managed-bean-class>
                    <managed-bean-scope>request</managed-bean-scope>			
            </managed-bean>
            
            <managed-bean>			
                    <managed-bean-name>Operario</managed-bean-name>
                    <managed-bean-class>bo.Operario</managed-bean-class>
                    <managed-bean-scope>request</managed-bean-scope>			
            </managed-bean>
           
            <managed-bean>			
                    <managed-bean-name>Dao_Equipo</managed-bean-name>
                    <managed-bean-class>dal.Dao_Equipo</managed-bean-class>
                    <managed-bean-scope>request</managed-bean-scope>			
            </managed-bean>

            <managed-bean>			
                    <managed-bean-name>Dao_ListaValores</managed-bean-name>
                    <managed-bean-class>dal.Dao_ListaValores</managed-bean-class>
                    <managed-bean-scope>request</managed-bean-scope>			
            </managed-bean>

            <managed-bean>			
                    <managed-bean-name>Dao_Mantenimiento</managed-bean-name>
                    <managed-bean-class>dal.Dao_Mantenimiento</managed-bean-class>
                    <managed-bean-scope>request</managed-bean-scope>			
            </managed-bean>

            <managed-bean>			
                    <managed-bean-name>Dao_Operario</managed-bean-name>
                    <managed-bean-class>dal.Dao_Operario</managed-bean-class>
                    <managed-bean-scope>request</managed-bean-scope>			
            </managed-bean>

            <managed-bean>			
                    <managed-bean-name>AccesoMBean</managed-bean-name>
                    <managed-bean-class>mbean.AccesoMBean</managed-bean-class>			
                    <managed-bean-scope>request</managed-bean-scope>
            </managed-bean>              
            
            <managed-bean>
                    <managed-bean-name>CambioClaveMBean</managed-bean-name>
                    <managed-bean-class>mbean.CambioClaveMBean</managed-bean-class>
                    <managed-bean-scope>request</managed-bean-scope>
            </managed-bean>
            
             <managed-bean>
                    <managed-bean-name>EquipoMBean</managed-bean-name>
                    <managed-bean-class>mbean.EquipoMBean</managed-bean-class>	
                    <managed-bean-scope>request</managed-bean-scope>
            </managed-bean>
            
            <managed-bean>
                    <managed-bean-name>ListaValoresMBean</managed-bean-name>
                    <managed-bean-class>mbean.ListaValoresMBean</managed-bean-class>
                    <managed-bean-scope>request</managed-bean-scope>
            </managed-bean>

            <managed-bean>			
                    <managed-bean-name>ListadoEquiposMBean</managed-bean-name>
                    <managed-bean-class>mbean.ListadoEquiposMBean</managed-bean-class>
                    <managed-bean-scope>request</managed-bean-scope>
            </managed-bean>
            
            <managed-bean>			
                    <managed-bean-name>ListadoLineasMBean</managed-bean-name>
                    <managed-bean-class>mbean.ListadoLineasMBean</managed-bean-class>			
                    <managed-bean-scope>request</managed-bean-scope>
            </managed-bean>

            <managed-bean>
                    <managed-bean-name>ListadoMantenimientosMBean</managed-bean-name>
                    <managed-bean-class>mbean.ListadoMantenimientosMBean</managed-bean-class>
                    <managed-bean-scope>request</managed-bean-scope>
            </managed-bean>

            <managed-bean>
                    <managed-bean-name>ListadoMarcasMBean</managed-bean-name>
                    <managed-bean-class>mbean.ListadoMarcasMBean</managed-bean-class>
                    <managed-bean-scope>request</managed-bean-scope>
            </managed-bean>                

            <managed-bean>			
                    <managed-bean-name>ListadoOperariosMBean</managed-bean-name>
                    <managed-bean-class>mbean.ListadoOperariosMBean</managed-bean-class>
                    <managed-bean-scope>request</managed-bean-scope>
            </managed-bean>
            
            <managed-bean>
                    <managed-bean-name>MantenimientoMBean</managed-bean-name>
                    <managed-bean-class>mbean.MantenimientoMBean</managed-bean-class>			
                    <managed-bean-scope>request</managed-bean-scope>
            </managed-bean>

            <managed-bean>
                    <managed-bean-name>MenuMBean</managed-bean-name>
                    <managed-bean-class>mbean.MenuMBean</managed-bean-class>
                    <managed-bean-scope>request</managed-bean-scope>
            </managed-bean>            
            
            <managed-bean>
                    <managed-bean-name>OperarioMBean</managed-bean-name>
                    <managed-bean-class>mbean.OperarioMBean</managed-bean-class>
                    <managed-bean-scope>request</managed-bean-scope>
            </managed-bean>
                                   
</faces-config>
