<?xml version="1.0" encoding="UTF-8"?>
<project-private xmlns="http://www.netbeans.org/ns/project-private/1">
    <editor-bookmarks xmlns="http://www.netbeans.org/ns/editor-bookmarks/2" lastBookmarkId="0"/>
    <open-files xmlns="http://www.netbeans.org/ns/projectui-open-files/2">
        <group>
            <file>file:/media/elduro/Volumen2/NetBeansProjects/SIMI/Vistas/WebPage_ListadoEquipos.php</file>
            <file>file:/media/elduro/Volumen2/NetBeansProjects/SIMI/Vistas/WebPage_Operarios.php</file>
            <file>file:/media/elduro/Volumen2/NetBeansProjects/SIMI/Vistas/WebPage_Equipos.php</file>
            <file>file:/media/elduro/Volumen2/NetBeansProjects/SIMI/Vistas/WebPage_ListadoOperarios.php</file>
        </group>
    </open-files>
</project-private>
